"","q_id","q_text"
"1",0,"Do you wish to be included in the random drawing?"
"2",1,"Residence Hall You Lived In"
"3",2,"During the 2018-2019 academic year, how many times a month did you have a one-on-one interaction with your Resident Advisor (RA)?"
"4",3,"Were you satisfied with your level of engagement with your RA?"
"5",4,"During the 2018-2019 academic year, how frequently did you engage with other residents on your floor?"
"6",5,"During the 2018-2019 academic year, how many events did you attend in your residence hall (hosted by your RA or RLO)?"
"7",6,"What are three things you hope all first-year students should learn after their first year in the re"
"8",7,"What are 1-3 things you think all first-year students should learn about RLO (e.g., campus traditions, joining a club, etc.) after their first year in the residence halls?"
"9",8,"What are 1-3 things you think all first-year students should learn about ACADEMICS (e.g., navigating WebTree, utilizing office hours, etc.) after their first year in the residence halls?"
"10",9,"What are 1-3 things you think all first-year students should learn about THE TOWN OF DAVIDSON/COMMUNITY (e.g., discounts at certain shops, traditions in the town, etc.) after their first year in the residence halls?"
"11",10,"What are 1-3  SKILLS (e.g., conflict resolution, resiliency, etc.) you hope all first-year students should learn about after their first year in the residence halls?"
"12",11,"What is one memorable moment you have from your first year at Davidson?"
"13",12,"If you could change one thing about your first-year, what would it be?"
"14",13,"Please describe anything you think is important for us to consider about the experiences of first-year students?"
"15",14,"What advise would you give to the incoming class of 2023?"
"16",15,"What did you think of the 1:1 engagement from your Hall Counselor?
(Hall Counselors were supposed to make contact with each resident twice after students left campus to check-in and support)."
"17",16,"What did you think of the virtual engagement from your Hall Counselor? This might've been a Zoom hangout, program, etc."
"18",17,"What are you most excited for during the 2020-2021 academic year?"
"19",18,"What are you most nervous for during the 2020-2021 academic year?"
"20",19,"Anything you'd like to share regarding the 2020-2021 academic year. This can be a suggestion, comment, etc."
